Name,Url,Race
"Adanel","http://lotr.wikia.com//wiki/Adanel",Human
"Adrahil I","http://lotr.wikia.com//wiki/Adrahil_I",Human
"Adrahil II","http://lotr.wikia.com//wiki/Adrahil_II",Human
"Aegnor","http://lotr.wikia.com//wiki/Aegnor",Elf
"Aerin","http://lotr.wikia.com//wiki/Aerin",Human
"Aglahad","http://lotr.wikia.com//wiki/Aglahad",Human
"Ailinel","http://lotr.wikia.com//wiki/Ailinel",Human
"Aldamir","http://lotr.wikia.com//wiki/Aldamir",Human
"Aldor","http://lotr.wikia.com//wiki/Aldor",Human
"Algund","http://lotr.wikia.com//wiki/Algund",Human
"Almarian","http://lotr.wikia.com//wiki/Almarian",Human
"Almiel","http://lotr.wikia.com//wiki/Almiel",Human
"Alphros","http://lotr.wikia.com//wiki/Alphros",Human
"Amandil","http://lotr.wikia.com//wiki/Amandil",Human
"Amarië","http://lotr.wikia.com//wiki/Amari%C3%AB",Elf
"Amdír","http://lotr.wikia.com//wiki/Amd%C3%ADr",Elf
"Amlaith","http://lotr.wikia.com//wiki/Amlaith",Human
"Amras","http://lotr.wikia.com//wiki/Amras",Elf
"Amrod","http://lotr.wikia.com//wiki/Amrod",Elf
"Amroth","http://lotr.wikia.com//wiki/Amroth",Elf
"Amrothos","http://lotr.wikia.com//wiki/Amrothos",Human
"Anairë","http://lotr.wikia.com//wiki/Anair%C3%AB",Elf
"Anardil","http://lotr.wikia.com//wiki/Anardil",Human
"Anborn","http://lotr.wikia.com//wiki/Anborn",Human
"Andreth","http://lotr.wikia.com//wiki/Andreth",Human
"Andróg","http://lotr.wikia.com//wiki/Andr%C3%B3g",Human
"Angamaitë","http://lotr.wikia.com//wiki/Angamait%C3%AB",Human
"Angbor","http://lotr.wikia.com//wiki/Angbor",Human
"Angelimir","http://lotr.wikia.com//wiki/Angelimir",Human
"Angrod","http://lotr.wikia.com//wiki/Angrod",Elf
"Annael","http://lotr.wikia.com//wiki/Annael",Elf
"Anárion","http://lotr.wikia.com//wiki/An%C3%A1rion",Human
"Ar-Adûnakhôr","http://lotr.wikia.com//wiki/Ar-Ad%C3%BBnakh%C3%B4r",Human
"Ar-Gimilzôr","http://lotr.wikia.com//wiki/Ar-Gimilz%C3%B4r",Human
"Ar-Pharazôn","http://lotr.wikia.com//wiki/Ar-Pharaz%C3%B4n",Human
"Ar-Sakalthôr","http://lotr.wikia.com//wiki/Ar-Sakalth%C3%B4r",Human
"Ar-Zimrathôn","http://lotr.wikia.com//wiki/Ar-Zimrath%C3%B4n",Human
"Arador","http://lotr.wikia.com//wiki/Arador",Human
"Araglas","http://lotr.wikia.com//wiki/Araglas",Human
"Aragorn I","http://lotr.wikia.com//wiki/Aragorn_I",Human
"Aragorn II Elessar","http://lotr.wikia.com//wiki/Aragorn_II_Elessar",Human
"Aragost","http://lotr.wikia.com//wiki/Aragost",Human
"Arahad I","http://lotr.wikia.com//wiki/Arahad_I",Human
"Arahad II","http://lotr.wikia.com//wiki/Arahad_II",Human
"Arahael","http://lotr.wikia.com//wiki/Arahael",Human
"Aranarth","http://lotr.wikia.com//wiki/Aranarth",Human
"Arantar","http://lotr.wikia.com//wiki/Arantar",Human
"Aranuir","http://lotr.wikia.com//wiki/Aranuir",Human
"Aranwë","http://lotr.wikia.com//wiki/Aranw%C3%AB",Elf
"Araphant","http://lotr.wikia.com//wiki/Araphant",Human
"Araphor","http://lotr.wikia.com//wiki/Araphor",Human
"Arassuil","http://lotr.wikia.com//wiki/Arassuil",Human
"Aratan","http://lotr.wikia.com//wiki/Aratan",Human
"Arathorn I","http://lotr.wikia.com//wiki/Arathorn_I",Human
"Arathorn II","http://lotr.wikia.com//wiki/Arathorn_II",Human
"Araval","http://lotr.wikia.com//wiki/Araval",Human
"Aravir","http://lotr.wikia.com//wiki/Aravir",Human
"Aravorn","http://lotr.wikia.com//wiki/Aravorn",Human
"Arciryas","http://lotr.wikia.com//wiki/Arciryas",Human
"Ardamir (son of Axantur)","http://lotr.wikia.com//wiki/Ardamir_(son_of_Axantur)",Human
"Aredhel","http://lotr.wikia.com//wiki/Aredhel",Elf
"Argeleb I","http://lotr.wikia.com//wiki/Argeleb_I",Human
"Argeleb II","http://lotr.wikia.com//wiki/Argeleb_II",Human
"Argon","http://lotr.wikia.com//wiki/Argon",Elf
"Argonui","http://lotr.wikia.com//wiki/Argonui",Human
"Arminas","http://lotr.wikia.com//wiki/Arminas",Elf
"Arthad","http://lotr.wikia.com//wiki/Arthad",Human
"Arvedui","http://lotr.wikia.com//wiki/Arvedui",Human
"Arvegil","http://lotr.wikia.com//wiki/Arvegil",Human
"Arveleg I","http://lotr.wikia.com//wiki/Arveleg_I",Human
"Arveleg II","http://lotr.wikia.com//wiki/Arveleg_II",Human
"Arwen","http://lotr.wikia.com//wiki/Arwen",Elf
"Atanalcar","http://lotr.wikia.com//wiki/Atanalcar",Human
"Atanatar I","http://lotr.wikia.com//wiki/Atanatar_I",Human
"Atanatar II","http://lotr.wikia.com//wiki/Atanatar_II",Human
"Aulendil (Vardamir's son)","http://lotr.wikia.com//wiki/Aulendil_(Vardamir%27s_son)",Human
"Axantur","http://lotr.wikia.com//wiki/Axantur",Human
"Azaghâl","http://lotr.wikia.com//wiki/Azagh%C3%A2l",Dwarf
"Angelica Baggins","http://lotr.wikia.com//wiki/Angelica_Baggins",Hobbit
"Balbo Baggins","http://lotr.wikia.com//wiki/Balbo_Baggins",Hobbit
"Belladonna (Took) Baggins","http://lotr.wikia.com//wiki/Belladonna_(Took)_Baggins",Hobbit
"Berylla (Boffin) Baggins","http://lotr.wikia.com//wiki/Berylla_(Boffin)_Baggins",Hobbit
"Bungo Baggins","http://lotr.wikia.com//wiki/Bungo_Baggins",Hobbit
"Drogo Baggins","http://lotr.wikia.com//wiki/Drogo_Baggins",Hobbit
"Dudo Baggins","http://lotr.wikia.com//wiki/Dudo_Baggins",Hobbit
"Fosco Baggins","http://lotr.wikia.com//wiki/Fosco_Baggins",Hobbit
"Frodo Baggins","http://lotr.wikia.com//wiki/Frodo_Baggins",Hobbit
"Laura (Grubb) Baggins","http://lotr.wikia.com//wiki/Laura_(Grubb)_Baggins",Hobbit
"Longo Baggins","http://lotr.wikia.com//wiki/Longo_Baggins",Hobbit
"Mungo Baggins","http://lotr.wikia.com//wiki/Mungo_Baggins",Hobbit
"Peony (Baggins) Burrows","http://lotr.wikia.com//wiki/Peony_(Baggins)_Burrows",Hobbit
"Ponto Baggins","http://lotr.wikia.com//wiki/Ponto_Baggins",Hobbit
"Ponto Baggins II","http://lotr.wikia.com//wiki/Ponto_Baggins_II",Hobbit
"Porto Baggins","http://lotr.wikia.com//wiki/Porto_Baggins",Hobbit
"Bain","http://lotr.wikia.com//wiki/Bain",Human
"Balin","http://lotr.wikia.com//wiki/Balin",Dwarf
"Baragund","http://lotr.wikia.com//wiki/Baragund",Human
"Barahir","http://lotr.wikia.com//wiki/Barahir",Human
"Barahir (Steward)","http://lotr.wikia.com//wiki/Barahir_(Steward)",Human
"Baran","http://lotr.wikia.com//wiki/Baran",Human
"Baranor","http://lotr.wikia.com//wiki/Baranor",Human
"Baranor (Gondor)","http://lotr.wikia.com//wiki/Baranor_(Gondor)",Human
"Bard","http://lotr.wikia.com//wiki/Bard",Human
"Bard II","http://lotr.wikia.com//wiki/Bard_II",Human
"Beldir","http://lotr.wikia.com//wiki/Beldir",Human
"Beldis","http://lotr.wikia.com//wiki/Beldis",Human
"Belecthor I","http://lotr.wikia.com//wiki/Belecthor_I",Human
"Belecthor II","http://lotr.wikia.com//wiki/Belecthor_II",Human
"Beleg of Arnor","http://lotr.wikia.com//wiki/Beleg_of_Arnor",Human
"Belegorn","http://lotr.wikia.com//wiki/Belegorn",Human
"Belegund","http://lotr.wikia.com//wiki/Belegund",Human
"Belemir","http://lotr.wikia.com//wiki/Belemir",Human
"Belen","http://lotr.wikia.com//wiki/Belen",Human
"Beorn","http://lotr.wikia.com//wiki/Beorn",Human
"Bereg","http://lotr.wikia.com//wiki/Bereg",Human
"Beregond","http://lotr.wikia.com//wiki/Beregond",Human
"Beregond (Captain)","http://lotr.wikia.com//wiki/Beregond_(Captain)",Human
"Berelach","http://lotr.wikia.com//wiki/Berelach",Human
"Beren","http://lotr.wikia.com//wiki/Beren",Human
"Beren (Belemir's son)","http://lotr.wikia.com//wiki/Beren_(Belemir%27s_son)",Human
"Beren (Steward)","http://lotr.wikia.com//wiki/Beren_(Steward)",Human
"Bergil","http://lotr.wikia.com//wiki/Bergil",Human
"Bifur","http://lotr.wikia.com//wiki/Bifur",Dwarf
"Bilbo Baggins","http://lotr.wikia.com//wiki/Bilbo_Baggins",Hobbit
"Black Serpent","http://lotr.wikia.com//wiki/Black_Serpent",Human
"Bladorthin","http://lotr.wikia.com//wiki/Bladorthin",Human
"Blanco","http://lotr.wikia.com//wiki/Blanco",Hobbit
"Bob","http://lotr.wikia.com//wiki/Bob",Hobbit
"Donnamira (Took) Boffin","http://lotr.wikia.com//wiki/Donnamira_(Took)_Boffin",Hobbit
"Basso Boffin","http://lotr.wikia.com//wiki/Basso_Boffin",Hobbit
"Bosco Boffin","http://lotr.wikia.com//wiki/Bosco_Boffin",Hobbit
"Buffo Boffin","http://lotr.wikia.com//wiki/Buffo_Boffin",Hobbit
"Daisy (Baggins) Boffin","http://lotr.wikia.com//wiki/Daisy_(Baggins)_Boffin",Hobbit
"Druda Burrows Boffin","http://lotr.wikia.com//wiki/Druda_Burrows_Boffin",Hobbit
"Folco Boffin","http://lotr.wikia.com//wiki/Folco_Boffin",Hobbit
"Gerda (Boffin) Bolger","http://lotr.wikia.com//wiki/Gerda_(Boffin)_Bolger",Hobbit
"Griffo Boffin","http://lotr.wikia.com//wiki/Griffo_Boffin",Hobbit
"Hugo Boffin","http://lotr.wikia.com//wiki/Hugo_Boffin",Hobbit
"Ivy (Goodenough) Boffin","http://lotr.wikia.com//wiki/Ivy_(Goodenough)_Boffin",Hobbit
"Jago Boffin","http://lotr.wikia.com//wiki/Jago_Boffin",Hobbit
"Otto Boffin","http://lotr.wikia.com//wiki/Otto_Boffin",Hobbit
"Rollo Boffin","http://lotr.wikia.com//wiki/Rollo_Boffin",Hobbit
"Tosto Boffin","http://lotr.wikia.com//wiki/Tosto_Boffin",Hobbit
"Vigo Boffin","http://lotr.wikia.com//wiki/Vigo_Boffin",Hobbit
"Bofur","http://lotr.wikia.com//wiki/Bofur",Dwarf
"Filibert Bolger","http://lotr.wikia.com//wiki/Filibert_Bolger",Hobbit
"Fredegar Bolger","http://lotr.wikia.com//wiki/Fredegar_Bolger",Hobbit
"Jessamine (Boffin) Bolger","http://lotr.wikia.com//wiki/Jessamine_(Boffin)_Bolger",Hobbit
"Odovacar Bolger","http://lotr.wikia.com//wiki/Odovacar_Bolger",Hobbit
"Rosamunda (Took) Bolger","http://lotr.wikia.com//wiki/Rosamunda_(Took)_Bolger",Hobbit
"Wilibald Bolger","http://lotr.wikia.com//wiki/Wilibald_Bolger",Hobbit
"Bombur","http://lotr.wikia.com//wiki/Bombur",Dwarf
"Borin","http://lotr.wikia.com//wiki/Borin",Dwarf
"Borlach","http://lotr.wikia.com//wiki/Borlach",Human
"Borlad","http://lotr.wikia.com//wiki/Borlad",Human
"Borlas","http://lotr.wikia.com//wiki/Borlas",Human
"Boromir","http://lotr.wikia.com//wiki/Boromir",Human
"Boromir (House of Bëor)","http://lotr.wikia.com//wiki/Boromir_(House_of_B%C3%ABor)",Human
"Boromir (Steward)","http://lotr.wikia.com//wiki/Boromir_(Steward)",Human
"Boron","http://lotr.wikia.com//wiki/Boron",Human
"Borondir","http://lotr.wikia.com//wiki/Borondir",Human
"Borthand","http://lotr.wikia.com//wiki/Borthand",Human
"Blanco Bracegirdle","http://lotr.wikia.com//wiki/Blanco_Bracegirdle",Hobbit
"Bruno Bracegirdle","http://lotr.wikia.com//wiki/Bruno_Bracegirdle",Hobbit
"Primrose Bracegirdle","http://lotr.wikia.com//wiki/Primrose_Bracegirdle",Hobbit
"Brand","http://lotr.wikia.com//wiki/Brand",Human
"Brandir","http://lotr.wikia.com//wiki/Brandir",Human
"Adaldrida (Bolger) Brandybuck","http://lotr.wikia.com//wiki/Adaldrida_(Bolger)_Brandybuck",Hobbit
"Amaranth Brandybuck","http://lotr.wikia.com//wiki/Amaranth_Brandybuck",Hobbit
"Celandine Brandybuck","http://lotr.wikia.com//wiki/Celandine_Brandybuck",Hobbit
"Esmeralda Brandybuck","http://lotr.wikia.com//wiki/Esmeralda_Brandybuck",Hobbit
"Estella (Bolger) Brandybuck","http://lotr.wikia.com//wiki/Estella_(Bolger)_Brandybuck",Hobbit
"Hilda Brandybuck","http://lotr.wikia.com//wiki/Hilda_Brandybuck",Hobbit
"Madoc Brandybuck","http://lotr.wikia.com//wiki/Madoc_Brandybuck",Hobbit
"Melilot Brandybuck","http://lotr.wikia.com//wiki/Melilot_Brandybuck",Hobbit
"Mentha Brandybuck","http://lotr.wikia.com//wiki/Mentha_Brandybuck",Hobbit
"Meriadoc Brandybuck","http://lotr.wikia.com//wiki/Meriadoc_Brandybuck",Hobbit
"Mirabella (Took) Brandybuck","http://lotr.wikia.com//wiki/Mirabella_(Took)_Brandybuck",Hobbit
"Primula (Brandybuck) Baggins","http://lotr.wikia.com//wiki/Primula_(Brandybuck)_Baggins",Hobbit
"Seredic Brandybuck","http://lotr.wikia.com//wiki/Seredic_Brandybuck",Hobbit
"Brego","http://lotr.wikia.com//wiki/Brego",Human
"Bregolas","http://lotr.wikia.com//wiki/Bregolas",Human
"Bregor","http://lotr.wikia.com//wiki/Bregor",Human
"Sapphira (Brockhouse) Boffin","http://lotr.wikia.com//wiki/Sapphira_(Brockhouse)_Boffin",Hobbit
"Bucca of the Marish","http://lotr.wikia.com//wiki/Bucca_of_the_Marish",Hobbit
"Asphodel (Brandybuck) Burrows","http://lotr.wikia.com//wiki/Asphodel_(Brandybuck)_Burrows",Hobbit
"Milo Burrows","http://lotr.wikia.com//wiki/Milo_Burrows",Hobbit
"Minto Burrows","http://lotr.wikia.com//wiki/Minto_Burrows",Hobbit
"Bëor","http://lotr.wikia.com//wiki/B%C3%ABor",Human
"Bór","http://lotr.wikia.com//wiki/B%C3%B3r",Human
"Calimehtar","http://lotr.wikia.com//wiki/Calimehtar",Human
"Caliondo","http://lotr.wikia.com//wiki/Caliondo",Human
"Calmacil","http://lotr.wikia.com//wiki/Calmacil",Human
"Caranthir","http://lotr.wikia.com//wiki/Caranthir",Elf
"Castamir the Usurper","http://lotr.wikia.com//wiki/Castamir_the_Usurper",Human
"Celeborn","http://lotr.wikia.com//wiki/Celeborn",Elf
"Celebrimbor","http://lotr.wikia.com//wiki/Celebrimbor",Elf
"Celebrindor","http://lotr.wikia.com//wiki/Celebrindor",Human
"Celebrían","http://lotr.wikia.com//wiki/Celebr%C3%ADan",Elf
"Celegorm","http://lotr.wikia.com//wiki/Celegorm",Elf
"Celepharn","http://lotr.wikia.com//wiki/Celepharn",Human
"Cemendur","http://lotr.wikia.com//wiki/Cemendur",Human
"Cemendur (son of Axantur)","http://lotr.wikia.com//wiki/Cemendur_(son_of_Axantur)",Human
"Ceorl","http://lotr.wikia.com//wiki/Ceorl",Human
"Falco Chubb-Baggins","http://lotr.wikia.com//wiki/Falco_Chubb-Baggins",Hobbit
"Cirion","http://lotr.wikia.com//wiki/Cirion",Human
"Ciryandil","http://lotr.wikia.com//wiki/Ciryandil",Human
"Ciryatur","http://lotr.wikia.com//wiki/Ciryatur",Human
"Ciryon","http://lotr.wikia.com//wiki/Ciryon",Human
"Bowman Cotton","http://lotr.wikia.com//wiki/Bowman_Cotton",Hobbit
"Lily Cotton","http://lotr.wikia.com//wiki/Lily_Cotton",Hobbit
"Marigold (Gamgee) Cotton","http://lotr.wikia.com//wiki/Marigold_(Gamgee)_Cotton",Hobbit
"Rosie Cotton","http://lotr.wikia.com//wiki/Rosie_Cotton",Hobbit
"Tolman Cotton","http://lotr.wikia.com//wiki/Tolman_Cotton",Hobbit
"Curufin","http://lotr.wikia.com//wiki/Curufin",Elf
"Círdan","http://lotr.wikia.com//wiki/C%C3%ADrdan",Elf
"Dairuin","http://lotr.wikia.com//wiki/Dairuin",Human
"Damrod","http://lotr.wikia.com//wiki/Damrod",Human
"User:Deathshriek","http://lotr.wikia.com//wiki/User:Deathshriek",Dwarf
"Denethor (First Age)","http://lotr.wikia.com//wiki/Denethor_(First_Age)",Elf
"Denethor I","http://lotr.wikia.com//wiki/Denethor_I",Human
"Denethor II","http://lotr.wikia.com//wiki/Denethor_II",Human
"Derufin","http://lotr.wikia.com//wiki/Derufin",Human
"Dervorin","http://lotr.wikia.com//wiki/Dervorin",Human
"Diamond Took","http://lotr.wikia.com//wiki/Diamond_Took",Hobbit
"Dinodas Brandybuck","http://lotr.wikia.com//wiki/Dinodas_Brandybuck",Hobbit
"Dior (Steward)","http://lotr.wikia.com//wiki/Dior_(Steward)",Human
"Dodinas Brandybuck","http://lotr.wikia.com//wiki/Dodinas_Brandybuck",Hobbit
"Dori","http://lotr.wikia.com//wiki/Dori",Dwarf
"Dorlas","http://lotr.wikia.com//wiki/Dorlas",Human
"Duilin","http://lotr.wikia.com//wiki/Duilin",Human
"Duinhir","http://lotr.wikia.com//wiki/Duinhir",Human
"Durin VII","http://lotr.wikia.com//wiki/Durin_VII",Dwarf
"Dwalin","http://lotr.wikia.com//wiki/Dwalin",Dwarf
"Dáin I","http://lotr.wikia.com//wiki/D%C3%A1in_I",Dwarf
"Dáin II Ironfoot","http://lotr.wikia.com//wiki/D%C3%A1in_II_Ironfoot",Dwarf
"Déagol","http://lotr.wikia.com//wiki/D%C3%A9agol",Hobbit
"Déor","http://lotr.wikia.com//wiki/D%C3%A9or",Human
"Déorwine","http://lotr.wikia.com//wiki/D%C3%A9orwine",Human
"Dírhael","http://lotr.wikia.com//wiki/D%C3%ADrhael",Human
"Dírhavel","http://lotr.wikia.com//wiki/D%C3%ADrhavel",Human
"Dís","http://lotr.wikia.com//wiki/D%C3%ADs",Dwarf
"Dúnhere","http://lotr.wikia.com//wiki/D%C3%BAnhere",Human
"Ecthelion I","http://lotr.wikia.com//wiki/Ecthelion_I",Human
"Ecthelion II","http://lotr.wikia.com//wiki/Ecthelion_II",Human
"Edrahil","http://lotr.wikia.com//wiki/Edrahil",Elf
"Egalmoth","http://lotr.wikia.com//wiki/Egalmoth",Human
"Eglantine (Banks) Took","http://lotr.wikia.com//wiki/Eglantine_(Banks)_Took",Hobbit
"Eilinel","http://lotr.wikia.com//wiki/Eilinel",Human
"Elatan","http://lotr.wikia.com//wiki/Elatan",Human
"Elboron","http://lotr.wikia.com//wiki/Elboron",Human
"Eldacar (King of Arnor)","http://lotr.wikia.com//wiki/Eldacar_(King_of_Arnor)",Human
"Eldacar (King of Gondor)","http://lotr.wikia.com//wiki/Eldacar_(King_of_Gondor)",Human
"Eldalótë","http://lotr.wikia.com//wiki/Eldal%C3%B3t%C3%AB",Elf
"Eldarion","http://lotr.wikia.com//wiki/Eldarion",Human
"Elemmírë (elf)","http://lotr.wikia.com//wiki/Elemm%C3%ADr%C3%AB_(elf)",Elf
"Elendil","http://lotr.wikia.com//wiki/Elendil",Human
"Elendur","http://lotr.wikia.com//wiki/Elendur",Human
"Elendur of Arnor","http://lotr.wikia.com//wiki/Elendur_of_Arnor",Human
"Elenwë","http://lotr.wikia.com//wiki/Elenw%C3%AB",Elf
"Elfhelm","http://lotr.wikia.com//wiki/Elfhelm",Human
"Elfhild","http://lotr.wikia.com//wiki/Elfhild",Human
"Elfwine","http://lotr.wikia.com//wiki/Elfwine",Human
"Elladan and Elrohir","http://lotr.wikia.com//wiki/Elladan_and_Elrohir",Elf
"Elphir","http://lotr.wikia.com//wiki/Elphir",Human
"Elrond","http://lotr.wikia.com//wiki/Elrond",Elf
"Emeldir","http://lotr.wikia.com//wiki/Emeldir",Human
"Enel","http://lotr.wikia.com//wiki/Enel",Elf
"Enelyë","http://lotr.wikia.com//wiki/Enely%C3%AB",Elf
"Enerdhil","http://lotr.wikia.com//wiki/Enerdhil",Elf
"Éomer","http://lotr.wikia.com//wiki/%C3%89omer",Human
"Eorl the Young","http://lotr.wikia.com//wiki/Eorl_the_Young",Human
"Éowyn","http://lotr.wikia.com//wiki/%C3%89owyn",Human
"Eradan","http://lotr.wikia.com//wiki/Eradan",Human
"Erchirion","http://lotr.wikia.com//wiki/Erchirion",Human
"Erellont","http://lotr.wikia.com//wiki/Erellont",Elf
"Erendis","http://lotr.wikia.com//wiki/Erendis",Human
"Erestor","http://lotr.wikia.com//wiki/Erestor",Elf
"Erkenbrand","http://lotr.wikia.com//wiki/Erkenbrand",Human
"Estelmo","http://lotr.wikia.com//wiki/Estelmo",Human
"Eärendil of Gondor","http://lotr.wikia.com//wiki/E%C3%A4rendil_of_Gondor",Human
"Eärendur (Lord of Andúnië)","http://lotr.wikia.com//wiki/E%C3%A4rendur_(Lord_of_And%C3%BAni%C3%AB)",Human
"Eärendur of Arnor","http://lotr.wikia.com//wiki/E%C3%A4rendur_of_Arnor",Human
"Eärendur of Númenor","http://lotr.wikia.com//wiki/E%C3%A4rendur_of_N%C3%BAmenor",Human
"Eärnil I","http://lotr.wikia.com//wiki/E%C3%A4rnil_I",Human
"Eärnil II","http://lotr.wikia.com//wiki/E%C3%A4rnil_II",Human
"Eärnur","http://lotr.wikia.com//wiki/E%C3%A4rnur",Human
"Eärwen","http://lotr.wikia.com//wiki/E%C3%A4rwen",Elf
"Eöl","http://lotr.wikia.com//wiki/E%C3%B6l",Elf
"Faramir","http://lotr.wikia.com//wiki/Faramir",Human
"Faramir (son of Ondoher)","http://lotr.wikia.com//wiki/Faramir_(son_of_Ondoher)",Human
"Farin","http://lotr.wikia.com//wiki/Farin",Dwarf
"Fastolph Bolger","http://lotr.wikia.com//wiki/Fastolph_Bolger",Hobbit
"Fastred","http://lotr.wikia.com//wiki/Fastred",Human
"Fastred (Pelennor Fields)","http://lotr.wikia.com//wiki/Fastred_(Pelennor_Fields)",Human
"Fengel","http://lotr.wikia.com//wiki/Fengel",Human
"Ferumbras Took II","http://lotr.wikia.com//wiki/Ferumbras_Took_II",Hobbit
"Finarfin","http://lotr.wikia.com//wiki/Finarfin",Elf
"Findegil","http://lotr.wikia.com//wiki/Findegil",Human
"Findis","http://lotr.wikia.com//wiki/Findis",Elf
"Finduilas","http://lotr.wikia.com//wiki/Finduilas",Elf
"Finduilas of Dol Amroth","http://lotr.wikia.com//wiki/Finduilas_of_Dol_Amroth",Human
"Fingolfin","http://lotr.wikia.com//wiki/Fingolfin",Elf
"Fingon","http://lotr.wikia.com//wiki/Fingon",Elf
"Finrod","http://lotr.wikia.com//wiki/Finrod",Elf
"Finwë","http://lotr.wikia.com//wiki/Finw%C3%AB",Elf
"Flói","http://lotr.wikia.com//wiki/Fl%C3%B3i",Dwarf
"Folca","http://lotr.wikia.com//wiki/Folca",Human
"Folcred","http://lotr.wikia.com//wiki/Folcred",Human
"Folcwine","http://lotr.wikia.com//wiki/Folcwine",Human
"Forlong","http://lotr.wikia.com//wiki/Forlong",Human
"Forthwini","http://lotr.wikia.com//wiki/Forthwini",Human
"Fortinbras Took I","http://lotr.wikia.com//wiki/Fortinbras_Took_I",Hobbit
"Forweg","http://lotr.wikia.com//wiki/Forweg",Human
"Fram","http://lotr.wikia.com//wiki/Fram",Human
"Freca","http://lotr.wikia.com//wiki/Freca",Human
"Frerin","http://lotr.wikia.com//wiki/Frerin",Dwarf
"Frumgar","http://lotr.wikia.com//wiki/Frumgar",Human
"Frár","http://lotr.wikia.com//wiki/Fr%C3%A1r",Dwarf
"Fréa","http://lotr.wikia.com//wiki/Fr%C3%A9a",Human
"Fréaláf Hildeson","http://lotr.wikia.com//wiki/Fr%C3%A9al%C3%A1f_Hildeson",Human
"Fréawine","http://lotr.wikia.com//wiki/Fr%C3%A9awine",Human
"Frór","http://lotr.wikia.com//wiki/Fr%C3%B3r",Dwarf
"Fundin","http://lotr.wikia.com//wiki/Fundin",Dwarf
"Fëanor","http://lotr.wikia.com//wiki/F%C3%ABanor",Elf
"Fíli and Kíli","http://lotr.wikia.com//wiki/F%C3%ADli_and_K%C3%ADli",Dwarf
"Fíriel","http://lotr.wikia.com//wiki/F%C3%ADriel",Human
"Galadriel","http://lotr.wikia.com//wiki/Galadriel",Elf
"Galar","http://lotr.wikia.com//wiki/Galar",Dwarf
"Galdor","http://lotr.wikia.com//wiki/Galdor",Human
"Galdor of the Havens","http://lotr.wikia.com//wiki/Galdor_of_the_Havens",Elf
"Galion","http://lotr.wikia.com//wiki/Galion",Elf
"Daisy Gamgee I","http://lotr.wikia.com//wiki/Daisy_Gamgee_I",Hobbit
"Frodo Gardner","http://lotr.wikia.com//wiki/Frodo_Gardner",Hobbit
"Halfred Gamgee","http://lotr.wikia.com//wiki/Halfred_Gamgee",Hobbit
"Hamfast Gamgee","http://lotr.wikia.com//wiki/Hamfast_Gamgee",Hobbit
"Hamson Gamgee","http://lotr.wikia.com//wiki/Hamson_Gamgee",Hobbit
"May Gamgee","http://lotr.wikia.com//wiki/May_Gamgee",Hobbit
"Samwise Gamgee","http://lotr.wikia.com//wiki/Samwise_Gamgee",Hobbit
"Gamling","http://lotr.wikia.com//wiki/Gamling",Human
"Elanor Gardner","http://lotr.wikia.com//wiki/Elanor_Gardner",Hobbit
"Gelmir","http://lotr.wikia.com//wiki/Gelmir",Elf
"Gelmir (of Angrod's kin)","http://lotr.wikia.com//wiki/Gelmir_(of_Angrod%27s_kin)",Elf
"Gethron","http://lotr.wikia.com//wiki/Gethron",Human
"Ghân-buri-Ghân","http://lotr.wikia.com//wiki/Gh%C3%A2n-buri-Gh%C3%A2n",Human
"Gil-galad","http://lotr.wikia.com//wiki/Gil-galad",Elf
"Gildis","http://lotr.wikia.com//wiki/Gildis",Human
"Gildor (Edain)","http://lotr.wikia.com//wiki/Gildor_(Edain)",Human
"Gildor Inglorion","http://lotr.wikia.com//wiki/Gildor_Inglorion",Elf
"Gilfanon","http://lotr.wikia.com//wiki/Gilfanon",Elf
"Gilraen","http://lotr.wikia.com//wiki/Gilraen",Human
"Gimilkhâd","http://lotr.wikia.com//wiki/Gimilkh%C3%A2d",Human
"Gimilzagar","http://lotr.wikia.com//wiki/Gimilzagar",Human
"Gimli","http://lotr.wikia.com//wiki/Gimli",Dwarf
"Girion","http://lotr.wikia.com//wiki/Girion",Human
"Glirhuin","http://lotr.wikia.com//wiki/Glirhuin",Human
"Glorfindel","http://lotr.wikia.com//wiki/Glorfindel",Elf
"Gléowine","http://lotr.wikia.com//wiki/Gl%C3%A9owine",Human
"Glóin","http://lotr.wikia.com//wiki/Gl%C3%B3in",Dwarf
"Glóin (King of Durin's Folk)","http://lotr.wikia.com//wiki/Gl%C3%B3in_(King_of_Durin%27s_Folk)",Dwarf
"Glóredhel","http://lotr.wikia.com//wiki/Gl%C3%B3redhel",Human
"Golasgil","http://lotr.wikia.com//wiki/Golasgil",Human
"Goldwine","http://lotr.wikia.com//wiki/Goldwine",Human
"Hanna (Goldworthy) Brandybuck","http://lotr.wikia.com//wiki/Hanna_(Goldworthy)_Brandybuck",Hobbit
"Gorbulas Brandybuck","http://lotr.wikia.com//wiki/Gorbulas_Brandybuck",Hobbit
"Gorhendad (Oldbuck) Brandybuck","http://lotr.wikia.com//wiki/Gorhendad_(Oldbuck)_Brandybuck",Hobbit
"Gorlim","http://lotr.wikia.com//wiki/Gorlim",Human
"Gormadoc Deepdelver Brandybuck","http://lotr.wikia.com//wiki/Gormadoc_%22Deepdelver%22_Brandybuck",Hobbit
"Gram","http://lotr.wikia.com//wiki/Gram",Human
"Erling Greenhand","http://lotr.wikia.com//wiki/Erling_Greenhand",Hobbit
"Halfred Greenhand","http://lotr.wikia.com//wiki/Halfred_Greenhand",Hobbit
"Hending Greenhand","http://lotr.wikia.com//wiki/Hending_Greenhand",Hobbit
"Holman Greenhand","http://lotr.wikia.com//wiki/Holman_Greenhand",Hobbit
"Rose Greenhand","http://lotr.wikia.com//wiki/Rose_Greenhand",Hobbit
"Grimbeorn","http://lotr.wikia.com//wiki/Grimbeorn",Human
"Grimbold","http://lotr.wikia.com//wiki/Grimbold",Human
"Grithnir","http://lotr.wikia.com//wiki/Grithnir",Human
"Gróin","http://lotr.wikia.com//wiki/Gr%C3%B3in",Dwarf
"Grór","http://lotr.wikia.com//wiki/Gr%C3%B3r",Dwarf
"Guilin","http://lotr.wikia.com//wiki/Guilin",Elf
"Gundor","http://lotr.wikia.com//wiki/Gundor",Human
"Guthláf","http://lotr.wikia.com//wiki/Guthl%C3%A1f",Human
"Gwindor","http://lotr.wikia.com//wiki/Gwindor",Elf
"Gálmód","http://lotr.wikia.com//wiki/G%C3%A1lm%C3%B3d",Human
"Gárulf","http://lotr.wikia.com//wiki/G%C3%A1rulf",Human
"Hador","http://lotr.wikia.com//wiki/Hador",Human
"Hador (Steward)","http://lotr.wikia.com//wiki/Hador_(Steward)",Human
"Halbarad","http://lotr.wikia.com//wiki/Halbarad",Human
"Haldir (Haladin)","http://lotr.wikia.com//wiki/Haldir_(Haladin)",Human
"Haldir (Lorien)","http://lotr.wikia.com//wiki/Haldir_(Lorien)",Elf
"Haleth","http://lotr.wikia.com//wiki/Haleth",Human
"Haleth (Helm's son)","http://lotr.wikia.com//wiki/Haleth_(Helm%27s_son)",Human
"Hallacar","http://lotr.wikia.com//wiki/Hallacar",Human
"Hallas (Steward)","http://lotr.wikia.com//wiki/Hallas_(Steward)",Human
"Hallatan","http://lotr.wikia.com//wiki/Hallatan",Human
"Halmir","http://lotr.wikia.com//wiki/Halmir",Human
"Hamfast of Gamwich","http://lotr.wikia.com//wiki/Hamfast_of_Gamwich",Hobbit
"Handir","http://lotr.wikia.com//wiki/Handir",Human
"Hardang","http://lotr.wikia.com//wiki/Hardang",Human
"Harding","http://lotr.wikia.com//wiki/Harding",Human
"Hareth","http://lotr.wikia.com//wiki/Hareth",Human
"Hathaldir","http://lotr.wikia.com//wiki/Hathaldir",Human
"Hathol","http://lotr.wikia.com//wiki/Hathol",Human
"Hatholdir","http://lotr.wikia.com//wiki/Hatholdir",Human
"Helm Hammerhand","http://lotr.wikia.com//wiki/Helm_Hammerhand",Human
"Henderch","http://lotr.wikia.com//wiki/Henderch",Human
"Hendor","http://lotr.wikia.com//wiki/Hendor",Elf
"Herefara","http://lotr.wikia.com//wiki/Herefara",Human
"Herion","http://lotr.wikia.com//wiki/Herion",Human
"Herubrand","http://lotr.wikia.com//wiki/Herubrand",Human
"Herucalmo","http://lotr.wikia.com//wiki/Herucalmo",Human
"Hirgon","http://lotr.wikia.com//wiki/Hirgon",Human
"Hirluin","http://lotr.wikia.com//wiki/Hirluin",Human
"Hob Gammidge","http://lotr.wikia.com//wiki/Hob_Gammidge",Hobbit
"Hob Hayward","http://lotr.wikia.com//wiki/Hob_Hayward",Hobbit
"Holfast Gardner","http://lotr.wikia.com//wiki/Holfast_Gardner",Hobbit
"Horn","http://lotr.wikia.com//wiki/Horn",Human
"Tobias Hornblower","http://lotr.wikia.com//wiki/Tobias_Hornblower",Hobbit
"Hundad","http://lotr.wikia.com//wiki/Hundad",Human
"Hundar","http://lotr.wikia.com//wiki/Hundar",Human
"Hunthor","http://lotr.wikia.com//wiki/Hunthor",Human
"Huor","http://lotr.wikia.com//wiki/Huor",Human
"Hyarmendacil I","http://lotr.wikia.com//wiki/Hyarmendacil_I",Human
"Hyarmendacil II","http://lotr.wikia.com//wiki/Hyarmendacil_II",Human
"Háma","http://lotr.wikia.com//wiki/H%C3%A1ma",Human
"Háma (Helm's son)","http://lotr.wikia.com//wiki/H%C3%A1ma_(Helm%27s_son)",Human
"Húrin","http://lotr.wikia.com//wiki/H%C3%BArin",Human
"Húrin I","http://lotr.wikia.com//wiki/H%C3%BArin_I",Human
"Húrin II","http://lotr.wikia.com//wiki/H%C3%BArin_II",Human
"Húrin of Emyn Arnen","http://lotr.wikia.com//wiki/H%C3%BArin_of_Emyn_Arnen",Human
"Ibûn","http://lotr.wikia.com//wiki/Ib%C3%BBn",Dwarf
"Idril","http://lotr.wikia.com//wiki/Idril",Elf
"Imin","http://lotr.wikia.com//wiki/Imin",Elf
"Iminyë","http://lotr.wikia.com//wiki/Iminy%C3%AB",Elf
"Imlach","http://lotr.wikia.com//wiki/Imlach",Human
"Imrahil","http://lotr.wikia.com//wiki/Imrahil",Human
"Imrazôr","http://lotr.wikia.com//wiki/Imraz%C3%B4r",Human
"Indis","http://lotr.wikia.com//wiki/Indis",Elf
"Indor","http://lotr.wikia.com//wiki/Indor",Human
"Ingold","http://lotr.wikia.com//wiki/Ingold",Human
"Ingwion","http://lotr.wikia.com//wiki/Ingwion",Elf
"Ingwë","http://lotr.wikia.com//wiki/Ingw%C3%AB",Elf
"Inzilbêth","http://lotr.wikia.com//wiki/Inzilb%C3%AAth",Human
"Ioreth","http://lotr.wikia.com//wiki/Ioreth",Human
"Iorlas","http://lotr.wikia.com//wiki/Iorlas",Human
"Isembold Took","http://lotr.wikia.com//wiki/Isembold_Took",Hobbit
"Isengrim Took III","http://lotr.wikia.com//wiki/Isengrim_Took_III",Hobbit
"Isildur","http://lotr.wikia.com//wiki/Isildur",Human
"Isilmo","http://lotr.wikia.com//wiki/Isilmo",Human
"Isilmë","http://lotr.wikia.com//wiki/Isilm%C3%AB",Human
"Ivorwen","http://lotr.wikia.com//wiki/Ivorwen",Human
"Ivriniel","http://lotr.wikia.com//wiki/Ivriniel",Human
"Lalaith","http://lotr.wikia.com//wiki/Lalaith",Human
"Larnach","http://lotr.wikia.com//wiki/Larnach",Human
"Legolas","http://lotr.wikia.com//wiki/Legolas",Elf
"Lenwë","http://lotr.wikia.com//wiki/Lenw%C3%AB",Elf
"Lindir","http://lotr.wikia.com//wiki/Lindir",Elf
"Lindissë","http://lotr.wikia.com//wiki/Lindiss%C3%AB",Human
"Lindo","http://lotr.wikia.com//wiki/Lindo",Elf
"Lindórië","http://lotr.wikia.com//wiki/Lind%C3%B3ri%C3%AB",Human
"Lorgan","http://lotr.wikia.com//wiki/Lorgan",Human
"Lothíriel","http://lotr.wikia.com//wiki/Loth%C3%ADriel",Human
"Léod","http://lotr.wikia.com//wiki/L%C3%A9od",Human
"Brytta Léofa","http://lotr.wikia.com//wiki/Brytta_L%C3%A9ofa",Human
"Lóni","http://lotr.wikia.com//wiki/L%C3%B3ni",Dwarf
"Lúthien","http://lotr.wikia.com//wiki/L%C3%BAthien",Elf
"Mablung the Ranger","http://lotr.wikia.com//wiki/Mablung_the_Ranger",Human
"Maedhros","http://lotr.wikia.com//wiki/Maedhros",Elf
"Maeglin","http://lotr.wikia.com//wiki/Maeglin",Elf
"Farmer Maggot","http://lotr.wikia.com//wiki/Farmer_Maggot",Hobbit
"Maglor","http://lotr.wikia.com//wiki/Maglor",Elf
"Magor","http://lotr.wikia.com//wiki/Magor",Human
"Mahtan","http://lotr.wikia.com//wiki/Mahtan",Elf
"Mairen","http://lotr.wikia.com//wiki/Mairen",Human
"Malach","http://lotr.wikia.com//wiki/Malach",Human
"Malbeth the Seer","http://lotr.wikia.com//wiki/Malbeth_the_Seer",Human
"Mallor","http://lotr.wikia.com//wiki/Mallor",Human
"Malva Headstrong Brandybuck","http://lotr.wikia.com//wiki/Malva_%22Headstrong%22_Brandybuck",Hobbit
"Malvegil","http://lotr.wikia.com//wiki/Malvegil",Human
"Manthor","http://lotr.wikia.com//wiki/Manthor",Human
"Manwendil","http://lotr.wikia.com//wiki/Manwendil",Human
"Marach","http://lotr.wikia.com//wiki/Marach",Human
"Marcho","http://lotr.wikia.com//wiki/Marcho",Hobbit
"Mardil Voronwë","http://lotr.wikia.com//wiki/Mardil_Voronw%C3%AB",Human
"Marhari","http://lotr.wikia.com//wiki/Marhari",Human
"Marhwini","http://lotr.wikia.com//wiki/Marhwini",Human
"Marmadas Brandybuck","http://lotr.wikia.com//wiki/Marmadas_Brandybuck",Hobbit
"Marroc Brandybuck","http://lotr.wikia.com//wiki/Marroc_Brandybuck",Hobbit
"Master of Laketown","http://lotr.wikia.com//wiki/Master_of_Laketown",Human
"Meleth","http://lotr.wikia.com//wiki/Meleth",Human
"Meneldil","http://lotr.wikia.com//wiki/Meneldil",Human
"Meril-i-Turinqi","http://lotr.wikia.com//wiki/Meril-i-Turinqi",Elf
"Merimas Brandybuck","http://lotr.wikia.com//wiki/Merimas_Brandybuck",Hobbit
"Minardil","http://lotr.wikia.com//wiki/Minardil",Human
"Minohtar","http://lotr.wikia.com//wiki/Minohtar",Human
"Mithrellas","http://lotr.wikia.com//wiki/Mithrellas",Elf
"Morwen","http://lotr.wikia.com//wiki/Morwen",Human
"Morwen (Gondor)","http://lotr.wikia.com//wiki/Morwen_(Gondor)",Human
"Morwë","http://lotr.wikia.com//wiki/Morw%C3%AB",Elf
"Míriel","http://lotr.wikia.com//wiki/M%C3%ADriel",Elf
"Mîm","http://lotr.wikia.com//wiki/M%C3%AEm",Dwarf
"Narmacil I","http://lotr.wikia.com//wiki/Narmacil_I",Human
"Narmacil II","http://lotr.wikia.com//wiki/Narmacil_II",Human
"Naugladur","http://lotr.wikia.com//wiki/Naugladur",Dwarf
"Nerdanel","http://lotr.wikia.com//wiki/Nerdanel",Elf
"Nessanië","http://lotr.wikia.com//wiki/Nessani%C3%AB",Human
"Nimrodel","http://lotr.wikia.com//wiki/Nimrodel",Elf
"Nina Lightfoot","http://lotr.wikia.com//wiki/Nina_Lightfoot",Hobbit
"Niënor","http://lotr.wikia.com//wiki/Ni%C3%ABnor",Human
"Nob","http://lotr.wikia.com//wiki/Nob",Hobbit
"Nolondil","http://lotr.wikia.com//wiki/Nolondil",Human
"Nori","http://lotr.wikia.com//wiki/Nori",Dwarf
"Nurwë","http://lotr.wikia.com//wiki/Nurw%C3%AB",Elf
"Náin (father of Dáin II Ironfoot)","http://lotr.wikia.com//wiki/N%C3%A1in_(father_of_D%C3%A1in_II_Ironfoot)",Dwarf
"Náin I","http://lotr.wikia.com//wiki/N%C3%A1in_I",Dwarf
"Náin II","http://lotr.wikia.com//wiki/N%C3%A1in_II",Dwarf
"Náli","http://lotr.wikia.com//wiki/N%C3%A1li",Dwarf
"Nár","http://lotr.wikia.com//wiki/N%C3%A1r",Dwarf
"Númendil","http://lotr.wikia.com//wiki/N%C3%BAmendil",Human
"Núneth","http://lotr.wikia.com//wiki/N%C3%BAneth",Human
"Ohtar","http://lotr.wikia.com//wiki/Ohtar",Human
"Old Noakes","http://lotr.wikia.com//wiki/Old_Noakes",Hobbit
"Olwë","http://lotr.wikia.com//wiki/Olw%C3%AB",Elf
"Ondoher","http://lotr.wikia.com//wiki/Ondoher",Human
"Orchaldor","http://lotr.wikia.com//wiki/Orchaldor",Human
"Ori","http://lotr.wikia.com//wiki/Ori",Dwarf
"Orodreth","http://lotr.wikia.com//wiki/Orodreth",Elf
"Orodreth (Steward)","http://lotr.wikia.com//wiki/Orodreth_(Steward)",Human
"Oromendil","http://lotr.wikia.com//wiki/Oromendil",Human
"Oropher","http://lotr.wikia.com//wiki/Oropher",Elf
"Orophin","http://lotr.wikia.com//wiki/Orophin",Elf
"Ostoher","http://lotr.wikia.com//wiki/Ostoher",Human
"Otho Sackville-Baggins","http://lotr.wikia.com//wiki/Otho_Sackville-Baggins",Hobbit
"Pelendur","http://lotr.wikia.com//wiki/Pelendur",Human
"Pengolodh","http://lotr.wikia.com//wiki/Pengolodh",Elf
"Mrs. Proudfoot","http://lotr.wikia.com//wiki/Mrs._Proudfoot",Hobbit
"Odo Proudfoot","http://lotr.wikia.com//wiki/Odo_Proudfoot",Hobbit
"Radhruin","http://lotr.wikia.com//wiki/Radhruin",Human
"Ragnir","http://lotr.wikia.com//wiki/Ragnir",Human
"Ragnor","http://lotr.wikia.com//wiki/Ragnor",Human
"Rowan Greenhand","http://lotr.wikia.com//wiki/Rowan_Greenhand",Hobbit
"Rudigar Bolger","http://lotr.wikia.com//wiki/Rudigar_Bolger",Hobbit
"Rufus Burrows","http://lotr.wikia.com//wiki/Rufus_Burrows",Hobbit
"Rían","http://lotr.wikia.com//wiki/R%C3%ADan",Human
"Rían (Gondor)","http://lotr.wikia.com//wiki/R%C3%ADan_(Gondor)",Human
"Rómendacil I","http://lotr.wikia.com//wiki/R%C3%B3mendacil_I",Human
"Rómendacil II","http://lotr.wikia.com//wiki/R%C3%B3mendacil_II",Human
"Rúmil (Noldo)","http://lotr.wikia.com//wiki/R%C3%BAmil_(Noldo)",Elf
"Rúmil of Lórien","http://lotr.wikia.com//wiki/R%C3%BAmil_of_L%C3%B3rien",Elf
"Lobelia Sackville-Baggins","http://lotr.wikia.com//wiki/Lobelia_Sackville-Baggins",Hobbit
"Lotho Sackville-Baggins","http://lotr.wikia.com//wiki/Lotho_Sackville-Baggins",Hobbit
"Sadoc Brandybuck","http://lotr.wikia.com//wiki/Sadoc_Brandybuck",Hobbit
"Sador","http://lotr.wikia.com//wiki/Sador",Human
"Saelon","http://lotr.wikia.com//wiki/Saelon",Human
"Sagroth","http://lotr.wikia.com//wiki/Sagroth",Human
"Ted Sandyman","http://lotr.wikia.com//wiki/Ted_Sandyman",Hobbit
"Sangahyando","http://lotr.wikia.com//wiki/Sangahyando",Human
"Saradas Brandybuck","http://lotr.wikia.com//wiki/Saradas_Brandybuck",Hobbit
"Silmariën","http://lotr.wikia.com//wiki/Silmari%C3%ABn",Human
"Siriondil","http://lotr.wikia.com//wiki/Siriondil",Human
"Robin Smallburrow","http://lotr.wikia.com//wiki/Robin_Smallburrow",Hobbit
"Soronto","http://lotr.wikia.com//wiki/Soronto",Human
"Morwen Steelsheen","http://lotr.wikia.com//wiki/Morwen_Steelsheen",Human
"Tar-Alcarin","http://lotr.wikia.com//wiki/Tar-Alcarin",Human
"Tar-Aldarion","http://lotr.wikia.com//wiki/Tar-Aldarion",Human
"Tar-Amandil","http://lotr.wikia.com//wiki/Tar-Amandil",Human
"Tar-Ancalimon","http://lotr.wikia.com//wiki/Tar-Ancalimon",Human
"Tar-Ancalimë","http://lotr.wikia.com//wiki/Tar-Ancalim%C3%AB",Human
"Tar-Anárion","http://lotr.wikia.com//wiki/Tar-An%C3%A1rion",Human
"Tar-Ardamin","http://lotr.wikia.com//wiki/Tar-Ardamin",Human
"Tar-Atanamir","http://lotr.wikia.com//wiki/Tar-Atanamir",Human
"Tar-Calmacil","http://lotr.wikia.com//wiki/Tar-Calmacil",Human
"Tar-Ciryatan","http://lotr.wikia.com//wiki/Tar-Ciryatan",Human
"Tar-Elendil","http://lotr.wikia.com//wiki/Tar-Elendil",Human
"Tar-Meneldur","http://lotr.wikia.com//wiki/Tar-Meneldur",Human
"Tar-Minastir","http://lotr.wikia.com//wiki/Tar-Minastir",Human
"Tar-Míriel","http://lotr.wikia.com//wiki/Tar-M%C3%ADriel",Human
"Tar-Palantir","http://lotr.wikia.com//wiki/Tar-Palantir",Human
"Tar-Súrion","http://lotr.wikia.com//wiki/Tar-S%C3%BArion",Human
"Tar-Telemmaitë","http://lotr.wikia.com//wiki/Tar-Telemmait%C3%AB",Human
"Tar-Telperiën","http://lotr.wikia.com//wiki/Tar-Telperi%C3%ABn",Human
"Tar-Vanimeldë","http://lotr.wikia.com//wiki/Tar-Vanimeld%C3%AB",Human
"Tarannon Falastur","http://lotr.wikia.com//wiki/Tarannon_Falastur",Human
"Tarcil","http://lotr.wikia.com//wiki/Tarcil",Human
"Tarciryan","http://lotr.wikia.com//wiki/Tarciryan",Human
"Targon","http://lotr.wikia.com//wiki/Targon",Human
"Tarondor","http://lotr.wikia.com//wiki/Tarondor",Human
"Tarondor of Arnor","http://lotr.wikia.com//wiki/Tarondor_of_Arnor",Human
"Tata","http://lotr.wikia.com//wiki/Tata",Elf
"Tatië","http://lotr.wikia.com//wiki/Tati%C3%AB",Elf
"User:Technobliterator/Showcase","http://lotr.wikia.com//wiki/User:Technobliterator/Showcase",Hobbit
"Telchar","http://lotr.wikia.com//wiki/Telchar",Dwarf
"Telemnar","http://lotr.wikia.com//wiki/Telemnar",Human
"Telumehtar","http://lotr.wikia.com//wiki/Telumehtar",Human
"The King of the Dead","http://lotr.wikia.com//wiki/The_King_of_the_Dead",Human
"Thengel","http://lotr.wikia.com//wiki/Thengel",Human
"Thorin I","http://lotr.wikia.com//wiki/Thorin_I",Dwarf
"Thorin II Oakenshield","http://lotr.wikia.com//wiki/Thorin_II_Oakenshield",Dwarf
"Thorin III Stonehelm","http://lotr.wikia.com//wiki/Thorin_III_Stonehelm",Dwarf
"Thorondir","http://lotr.wikia.com//wiki/Thorondir",Human
"Thranduil","http://lotr.wikia.com//wiki/Thranduil",Elf
"Thráin I","http://lotr.wikia.com//wiki/Thr%C3%A1in_I",Dwarf
"Thráin II","http://lotr.wikia.com//wiki/Thr%C3%A1in_II",Dwarf
"Thrór","http://lotr.wikia.com//wiki/Thr%C3%B3r",Dwarf
"Théoden","http://lotr.wikia.com//wiki/Th%C3%A9oden",Human
"Théodred","http://lotr.wikia.com//wiki/Th%C3%A9odred",Human
"Tindómiel","http://lotr.wikia.com//wiki/Tind%C3%B3miel",Human
"Faramir Took I","http://lotr.wikia.com//wiki/Faramir_Took_I",Hobbit
"Isumbras Took I","http://lotr.wikia.com//wiki/Isumbras_Took_I",Hobbit
"Fortinbras Took II","http://lotr.wikia.com//wiki/Fortinbras_Took_II",Hobbit
"Isengrim Took II","http://lotr.wikia.com//wiki/Isengrim_Took_II",Hobbit
"Isumbras Took III","http://lotr.wikia.com//wiki/Isumbras_Took_III",Hobbit
"Adalgrim Took","http://lotr.wikia.com//wiki/Adalgrim_Took",Hobbit
"Adamanta (Chubb) Took","http://lotr.wikia.com//wiki/Adamanta_(Chubb)_Took",Hobbit
"Adelard Took","http://lotr.wikia.com//wiki/Adelard_Took",Hobbit
"Bandobras Took","http://lotr.wikia.com//wiki/Bandobras_Took",Hobbit
"Ferumbras III Took","http://lotr.wikia.com//wiki/Ferumbras_III_Took",Hobbit
"Gerontius Took","http://lotr.wikia.com//wiki/Gerontius_Took",Hobbit
"Hildibrand Took","http://lotr.wikia.com//wiki/Hildibrand_Took",Hobbit
"Hildifons Took","http://lotr.wikia.com//wiki/Hildifons_Took",Hobbit
"Hildigrim Took","http://lotr.wikia.com//wiki/Hildigrim_Took",Hobbit
"Isembard Took","http://lotr.wikia.com//wiki/Isembard_Took",Hobbit
"Paladin Took II","http://lotr.wikia.com//wiki/Paladin_Took_II",Hobbit
"Pearl Took","http://lotr.wikia.com//wiki/Pearl_Took",Hobbit
"Peregrin Took","http://lotr.wikia.com//wiki/Peregrin_Took",Hobbit
"Rosa (Baggins) Took","http://lotr.wikia.com//wiki/Rosa_(Baggins)_Took",Hobbit
"Sigismond Took","http://lotr.wikia.com//wiki/Sigismond_Took",Hobbit
"Tulkastor","http://lotr.wikia.com//wiki/Tulkastor",Elf
"Tuor","http://lotr.wikia.com//wiki/Tuor",Human
"Turambar","http://lotr.wikia.com//wiki/Turambar",Human
"Turgon","http://lotr.wikia.com//wiki/Turgon",Elf
"Turgon (Steward)","http://lotr.wikia.com//wiki/Turgon_(Steward)",Human
"Túrin","http://lotr.wikia.com//wiki/T%C3%BArin",Human
"Túrin I","http://lotr.wikia.com//wiki/T%C3%BArin_I",Human
"Túrin II","http://lotr.wikia.com//wiki/T%C3%BArin_II",Human
"Ulbar","http://lotr.wikia.com//wiki/Ulbar",Human
"Uldor","http://lotr.wikia.com//wiki/Uldor",Human
"Ulfang","http://lotr.wikia.com//wiki/Ulfang",Human
"Ulfast","http://lotr.wikia.com//wiki/Ulfast",Human
"Ulwarth","http://lotr.wikia.com//wiki/Ulwarth",Human
"Urthel","http://lotr.wikia.com//wiki/Urthel",Human
"Vairë (Elf)","http://lotr.wikia.com//wiki/Vair%C3%AB_(Elf)",Elf
"Valacar","http://lotr.wikia.com//wiki/Valacar",Human
"Valandil","http://lotr.wikia.com//wiki/Valandil",Human
"Valandil of Andúnië","http://lotr.wikia.com//wiki/Valandil_of_And%C3%BAni%C3%AB",Human
"Valandur","http://lotr.wikia.com//wiki/Valandur",Human
"Vardamir Nólimon","http://lotr.wikia.com//wiki/Vardamir_N%C3%B3limon",Human
"Vardilmë","http://lotr.wikia.com//wiki/Vardilm%C3%AB",Human
"Vidugavia","http://lotr.wikia.com//wiki/Vidugavia",Human
"Vidumavi","http://lotr.wikia.com//wiki/Vidumavi",Human
"Vorondil","http://lotr.wikia.com//wiki/Vorondil",Human
"Voronwë","http://lotr.wikia.com//wiki/Voronw%C3%AB",Elf
"Vëantur","http://lotr.wikia.com//wiki/V%C3%ABantur",Human
"Walda","http://lotr.wikia.com//wiki/Walda",Human
"Willie Banks","http://lotr.wikia.com//wiki/Willie_Banks",Hobbit
"Wiseman Gamwich","http://lotr.wikia.com//wiki/Wiseman_Gamwich",Hobbit
"Wulf I","http://lotr.wikia.com//wiki/Wulf_I",Human
"Wídfara","http://lotr.wikia.com//wiki/W%C3%ADdfara",Human
"Yávien","http://lotr.wikia.com//wiki/Y%C3%A1vien",Human
"Éofor","http://lotr.wikia.com//wiki/%C3%89ofor",Human
"Éomund","http://lotr.wikia.com//wiki/%C3%89omund",Human
"Éothain","http://lotr.wikia.com//wiki/%C3%89othain",Human
"Írildë","http://lotr.wikia.com//wiki/%C3%8Drild%C3%AB",Human
"Írimë","http://lotr.wikia.com//wiki/%C3%8Drim%C3%AB",Elf
"Óin","http://lotr.wikia.com//wiki/%C3%93in",Dwarf
"Óin (King of Durin's Folk)","http://lotr.wikia.com//wiki/%C3%93in_(King_of_Durin%27s_Folk)",Dwarf
"Bingo Baggins","http://lotr.wikia.com//wiki/Bingo_Baggins",Hobbit
"Chica (Chubb) Baggins","http://lotr.wikia.com//wiki/Chica_(Chubb)_Baggins",Hobbit
"Dora Baggins","http://lotr.wikia.com//wiki/Dora_Baggins",Hobbit
"Largo Baggins","http://lotr.wikia.com//wiki/Largo_Baggins",Hobbit
"Mimosa (Bunce) Baggins","http://lotr.wikia.com//wiki/Mimosa_(Bunce)_Baggins",Hobbit
"Pansy Baggins","http://lotr.wikia.com//wiki/Pansy_Baggins",Hobbit
"Polo Baggins","http://lotr.wikia.com//wiki/Polo_Baggins",Hobbit
"Ponto Baggins I","http://lotr.wikia.com//wiki/Ponto_Baggins_I",Hobbit
"Ruby (Bolger) Baggins","http://lotr.wikia.com//wiki/Ruby_(Bolger)_Baggins",Hobbit
"Adalgar Bolger","http://lotr.wikia.com//wiki/Adalgar_Bolger",Hobbit
"Gundahar Bolger","http://lotr.wikia.com//wiki/Gundahar_Bolger",Hobbit
"Prisca (Baggins) Bolger","http://lotr.wikia.com//wiki/Prisca_(Baggins)_Bolger",Hobbit
"Rudibert Bolger","http://lotr.wikia.com//wiki/Rudibert_Bolger",Hobbit
"Theobald Bolger","http://lotr.wikia.com//wiki/Theobald_Bolger",Hobbit
"Wilimar Bolger","http://lotr.wikia.com//wiki/Wilimar_Bolger",Hobbit
"Camellia (Sackville) Baggins","http://lotr.wikia.com//wiki/Camellia_(Sackville)_Baggins",Hobbit
"Everard Took","http://lotr.wikia.com//wiki/Everard_Took",Hobbit
"Ferdibrand Took","http://lotr.wikia.com//wiki/Ferdibrand_Took",Hobbit
"Ferdinand Took","http://lotr.wikia.com//wiki/Ferdinand_Took",Hobbit
"Flambard Took","http://lotr.wikia.com//wiki/Flambard_Took",Hobbit
"Lalia (Clayhanger) Took","http://lotr.wikia.com//wiki/Lalia_(Clayhanger)_Took",Hobbit
"Pervinca Took","http://lotr.wikia.com//wiki/Pervinca_Took",Hobbit
"Pimpernel Took","http://lotr.wikia.com//wiki/Pimpernel_Took",Hobbit
"Reginard Took","http://lotr.wikia.com//wiki/Reginard_Took",Hobbit
"Ruby Gamgee","http://lotr.wikia.com//wiki/Ruby_Gamgee",Hobbit
"Rudolph Bolger","http://lotr.wikia.com//wiki/Rudolph_Bolger",Hobbit
"Tanta (Hornblower) Baggins","http://lotr.wikia.com//wiki/Tanta_(Hornblower)_Baggins",Hobbit
"Inigo Baggins","http://lotr.wikia.com//wiki/Inigo_Baggins",Hobbit
"Tanta Hornblower","http://lotr.wikia.com//wiki/Tanta_Hornblower",Hobbit
"Tobold Hornblower","http://lotr.wikia.com//wiki/Tobold_Hornblower",Hobbit
"Lily (Baggins) Goodbody","http://lotr.wikia.com//wiki/Lily_(Baggins)_Goodbody",Hobbit
"Bell (Goodchild) Gamgee","http://lotr.wikia.com//wiki/Bell_(Goodchild)_Gamgee",Hobbit
"Togo Goodbody","http://lotr.wikia.com//wiki/Togo_Goodbody",Hobbit
"Goldberry","http://lotr.wikia.com//wiki/Goldberry",Hobbit
"Goldilocks (Gardner) Took","http://lotr.wikia.com//wiki/Goldilocks_(Gardner)_Took",Hobbit
"Merry Gamgee","http://lotr.wikia.com//wiki/Merry_Gamgee",Hobbit
"Bilbo Gamgee","http://lotr.wikia.com//wiki/Bilbo_Gamgee",Hobbit
"Halfast Gamgee","http://lotr.wikia.com//wiki/Halfast_Gamgee",Hobbit
"Rose Gamgee","http://lotr.wikia.com//wiki/Rose_Gamgee",Hobbit
"Hamfast Gardner","http://lotr.wikia.com//wiki/Hamfast_Gardner",Hobbit
"Pippin Gamgee","http://lotr.wikia.com//wiki/Pippin_Gamgee",Hobbit
"Primrose Gardner","http://lotr.wikia.com//wiki/Primrose_Gardner",Hobbit
"Robin Gardner","http://lotr.wikia.com//wiki/Robin_Gardner",Hobbit
"Durin","http://lotr.wikia.com//wiki/Durin",Dwarf
"Poppy (Chubb-Baggins) Bolger","http://lotr.wikia.com//wiki/Poppy_(Chubb-Baggins)_Bolger",Hobbit
"Tolman Cotton Jr.","http://lotr.wikia.com//wiki/Tolman_Cotton_Jr.",Hobbit
"Carl Cotton","http://lotr.wikia.com//wiki/Carl_Cotton",Hobbit
"Wilcome Cotton","http://lotr.wikia.com//wiki/Wilcome_Cotton",Hobbit
"Daisy Gamgee","http://lotr.wikia.com//wiki/Daisy_Gamgee",Hobbit
"Berilac Brandybuck","http://lotr.wikia.com//wiki/Berilac_Brandybuck",Hobbit
"Doderic Brandybuck","http://lotr.wikia.com//wiki/Doderic_Brandybuck",Hobbit
"Gorbadoc Brandybuck","http://lotr.wikia.com//wiki/Gorbadoc_Brandybuck",Hobbit
"Ilberic Brandybuck","http://lotr.wikia.com//wiki/Ilberic_Brandybuck",Hobbit
"Marmadoc Brandybuck","http://lotr.wikia.com//wiki/Marmadoc_Brandybuck",Hobbit
"Merimac Brandybuck","http://lotr.wikia.com//wiki/Merimac_Brandybuck",Hobbit
"Orgulas Brandybuck","http://lotr.wikia.com//wiki/Orgulas_Brandybuck",Hobbit
"Rorimac Brandybuck","http://lotr.wikia.com//wiki/Rorimac_Brandybuck",Hobbit
"Salvia (Brandybuck) Bolger","http://lotr.wikia.com//wiki/Salvia_(Brandybuck)_Bolger",Hobbit
"Bilbo Gardner","http://lotr.wikia.com//wiki/Bilbo_Gardner",Hobbit
"Briffo Boffin","http://lotr.wikia.com//wiki/Briffo_Boffin",Hobbit
"Gruffo Boffin","http://lotr.wikia.com//wiki/Gruffo_Boffin",Hobbit
"Lavender (Grubb) Boffin","http://lotr.wikia.com//wiki/Lavender_(Grubb)_Boffin",Hobbit
"Uffo Boffin","http://lotr.wikia.com//wiki/Uffo_Boffin",Hobbit
"Bodo Proudfoot","http://lotr.wikia.com//wiki/Bodo_Proudfoot",Hobbit
"Linda (Baggins) Proudfoot","http://lotr.wikia.com//wiki/Linda_(Baggins)_Proudfoot",Hobbit
"Sancho Proudfoot","http://lotr.wikia.com//wiki/Sancho_Proudfoot",Hobbit
"Olo Proudfoot","http://lotr.wikia.com//wiki/Olo_Proudfoot",Hobbit
"Nimloth (elf)","http://lotr.wikia.com//wiki/Nimloth_(elf)",Elf
"Saradoc Brandybuck","http://lotr.wikia.com//wiki/Saradoc_Brandybuck",Hobbit
"Gríma Wormtongue","http://lotr.wikia.com//wiki/Gr%C3%ADma_Wormtongue",Human
"Gollum","http://lotr.wikia.com//wiki/Gollum",Hobbit
"Legolas (elf of Gondolin)","http://lotr.wikia.com//wiki/Legolas_(elf_of_Gondolin)",Elf
"Elemmakil","http://lotr.wikia.com//wiki/Elemmakil",Elf
"Radagast","http://lotr.wikia.com//wiki/Radagast",Maiar
"Gandalf","http://lotr.wikia.com//wiki/Gandalf",Maiar
"Saruman","http://lotr.wikia.com//wiki/Saruman",Maiar
"Tilion","http://lotr.wikia.com//wiki/Tilion",Maiar
"Sauron","http://lotr.wikia.com//wiki/Sauron",Maiar
"Eönwë","http://lotr.wikia.com//wiki/E%C3%B6nw%C3%AB",Maiar
"Durin's Bane","http://lotr.wikia.com//wiki/Durin%27s_Bane",Maiar
"Alatar","http://lotr.wikia.com//wiki/Alatar",Maiar
"Pallando","http://lotr.wikia.com//wiki/Pallando",Maiar
"Arien","http://lotr.wikia.com//wiki/Arien",Maiar
"Uinen","http://lotr.wikia.com//wiki/Uinen",Maiar
"Moro Burrows","http://lotr.wikia.com//wiki/Moro_Burrows",Hobbit
"Mosco Burrows","http://lotr.wikia.com//wiki/Mosco_Burrows",Hobbit
"Myrtle Burrows","http://lotr.wikia.com//wiki/Myrtle_Burrows",Hobbit
"Thingol","http://lotr.wikia.com//wiki/Thingol",Elf
"Théodwyn","http://lotr.wikia.com//wiki/Th%C3%A9odwyn",Human
"Eärendil","http://lotr.wikia.com//wiki/E%C3%A4rendil",Human
"Harry Goatleaf","http://lotr.wikia.com//wiki/Harry_Goatleaf",Human
